graph_community_id,transaction_count,fraud_rate,suspicious_community
-1,4351349,0.0008241122465699718,0
0,187967,0.0016013449169269074,0
1,109670,0.001641287498860217,0
2,2663,0.0003755163349605708,0
3,4068,0.005653883972468043,1
4,5085,0.00039331366764995085,0
5,4506,0.001775410563692854,0
6,4320,0.0011574074074074073,0
7,1531,0.0013063357282821686,0
8,21645,0.0017556017556017555,0
9,3188,0.012547051442910916,1
10,2170,0.0018433179723502304,0
11,19882,0.0010562317674278241,0
12,2918,0.0017135023989033585,0
13,3095,0.00032310177705977385,0
14,15501,0.004193277853041739,1
15,977,0.0,0
16,2702,0.0,0
17,1119,0.0,0
18,1314,0.00076103500761035,0
19,18162,0.002147340601255368,1
20,2184,0.003205128205128205,1
21,2139,0.0004675081813931744,0
22,2104,0.0009505703422053232,0
23,2118,0.00047214353163361664,0
24,9087,0.010894684714427203,1
25,11751,0.0011913879669815334,0
26,21155,0.0015599149137319782,0
27,1421,0.007741027445460943,1
28,333,0.0,0
29,1327,0.0015071590052750565,0
30,1495,0.0006688963210702341,0
31,1165,0.004291845493562232,1
32,15180,0.0011198945981554676,0
33,1150,0.0,0
34,734,0.0013623978201634877,0
35,420,0.0,0
36,432,0.0,0
37,17391,0.0007475130814789259,0
38,9830,0.0013224821973550356,0
39,12731,0.0012567748016652266,0
40,950,0.0010526315789473684,0
41,677,0.0,0
42,855,0.0,0
43,666,0.0,0
44,792,0.0,0
45,602,0.0,0
46,94,0.010638297872340425,1
47,374,0.0,0
48,398,0.005025125628140704,1
49,299,0.0,0
50,762,0.0,0
51,13318,0.0013515542874305451,0
52,709,0.019746121297602257,1
53,380,0.0,0
54,261,0.0,0
55,212,0.0,0
56,15,0.0,0
57,25,0.44,1
58,269,0.0,0
59,367,0.04087193460490463,1
60,435,0.0,0
61,135,0.0,0
62,569,0.0,0
63,774,0.0,0
64,436,0.0,0
65,62,0.0,0
66,675,0.0,0
67,598,0.008361204013377926,1
68,745,0.0026845637583892616,1
69,121,0.0,0
70,19,0.0,0
71,408,0.0024509803921568627,1
72,31,0.0,0
73,10,0.0,0
74,13,0.0,0
75,10,0.0,0
76,8,0.0,0
77,548,0.0,0
78,8,0.0,0
79,354,0.0,0
80,26,0.0,0
81,354,0.0,0
82,11,0.0,0
83,346,0.0,0
84,38,0.0,0
85,11,0.0,0
86,11,0.0,0
87,10,0.0,0
88,10,0.0,0
89,337,0.0,0
90,271,0.0,0
91,349,0.0,0
92,12,0.0,0
93,10,0.0,0
94,226,0.0,0
95,8,0.0,0
96,8,0.0,0
97,8,0.0,0
98,79,0.0,0
99,536,0.0,0
100,278,0.0,0
101,26,0.0,0
102,162,0.0,0
103,10,0.0,0
104,270,0.0,0
105,10,0.0,0
106,8,0.0,0
107,9,0.0,0
108,25,0.0,0
109,11,0.0,0
110,12,0.0,0
111,10,0.0,0
112,39,0.0,0
113,9,0.0,0
114,31,0.41935483870967744,1
115,505,0.0,0
116,10,0.0,0
117,29,0.0,0
118,31,0.0,0
119,10,0.0,0
120,383,0.0,0
121,10,0.0,0
122,125,0.0,0
123,241,0.016597510373443983,1
124,9,0.0,0
125,123,0.0,0
126,39,0.0,0
127,32,0.0,0
128,10,0.0,0
129,312,0.0,0
130,160,0.0,0
131,414,0.0,0
132,266,0.0,0
133,11,0.0,0
134,94,0.0,0
135,10,0.0,0
136,10,0.0,0
137,26,0.0,0
138,128,0.0,0
139,376,0.0026595744680851063,1
140,8,0.0,0
141,7,0.0,0
142,11,0.09090909090909091,1
143,32,0.0,0
144,11,0.0,0
145,10,0.0,0
146,9,0.0,0
147,454,0.0,0
148,22,0.0,0
149,219,0.0,0
150,12,0.0,0
151,38,0.3684210526315789,1
152,324,0.0,0
153,177,0.0,0
154,70,0.0,0
155,7,0.0,0
156,10,0.0,0
157,336,0.0,0
158,321,0.0,0
159,35,0.4,1
160,228,0.0,0
161,10,0.1,1
162,13,0.0,0
163,30,0.4,1
164,274,0.0,0
165,11,0.0,0
166,327,0.0,0
167,334,0.0,0
168,11,0.0,0
169,10,0.0,0
170,442,0.0,0
171,9,0.0,0
172,70,0.0,0
173,11,0.0,0
174,11,0.0,0
175,438,0.0,0
176,181,0.07734806629834254,1
177,291,0.0,0
178,184,0.07608695652173914,1
179,313,0.0,0
180,5,0.0,0
181,4,0.0,0
182,6,0.0,0
183,3,0.0,0
184,8,0.0,0
185,5,0.0,0
186,125,0.0,0
187,4,0.0,0
188,167,0.0,0
189,4,0.0,0
190,5,0.0,0
191,8,0.0,0
192,307,0.0,0
193,297,0.0,0
194,41,0.024390243902439025,1
195,3,0.0,0
196,5,0.0,0
197,55,0.2727272727272727,1
198,6,0.0,0
199,6,0.0,0
200,294,0.0,0
201,4,0.0,0
202,5,0.0,0
203,5,0.0,0
204,339,0.0,0
205,155,0.0,0
206,197,0.0,0
207,5,0.0,0
208,302,0.0,0
209,5,0.0,0
210,19,0.0,0
211,6,0.0,0
212,57,0.0,0
213,5,0.0,0
214,6,0.0,0
215,24,0.5416666666666666,1
216,5,0.0,0
217,13,0.0,0
218,5,0.0,0
219,4,0.0,0
220,6,0.0,0
221,10,0.0,0
222,5,0.0,0
223,4,0.0,0
224,5,0.0,0
225,6,0.0,0
226,9,0.0,0
227,4,0.0,0
228,274,0.0,0
229,287,0.0,0
230,181,0.0,0
231,266,0.0,0
232,4,0.0,0
233,4,0.0,0
234,131,0.0,0
235,171,0.0,0
236,293,0.0,0
237,5,0.0,0
238,4,0.0,0
239,3,0.0,0
240,5,0.0,0
241,5,0.0,0
242,4,0.0,0
243,184,0.0,0
244,5,0.0,0
245,117,0.0,0
246,4,0.0,0
247,6,0.0,0
248,5,0.0,0
249,4,0.0,0
250,6,0.0,0
251,3,0.0,0
252,6,0.0,0
253,147,0.0,0
254,4,0.0,0
255,5,0.2,1
256,5,0.0,0
257,5,0.0,0
258,222,0.0,0
259,3,0.0,0
260,210,0.0,0
261,4,0.0,0
262,4,0.0,0
263,5,0.0,0
264,3,0.0,0
265,5,0.0,0
266,68,0.0,0
267,265,0.0,0
268,4,0.25,1
269,5,0.0,0
270,4,0.0,0
271,302,0.0,0
272,4,0.0,0
273,5,0.0,0
274,264,0.0,0
275,6,0.0,0
276,44,0.0,0
277,150,0.0,0
278,2,0.0,0
279,5,0.0,0
280,5,0.0,0
281,4,0.0,0
282,217,0.0,0
283,6,0.0,0
284,4,0.0,0
285,5,0.0,0
286,4,0.0,0
287,4,0.0,0
288,5,0.0,0
289,6,0.0,0
290,4,0.0,0
291,4,0.0,0
292,5,0.0,0
293,36,0.0,0
294,5,0.0,0
295,5,0.0,0
296,234,0.0,0
297,6,0.0,0
298,181,0.08839779005524862,1
299,217,0.0,0
300,5,0.0,0
301,269,0.0,0
302,5,0.0,0
303,425,0.0,0
304,6,0.0,0
305,28,0.03571428571428571,1
306,6,0.0,0
307,4,0.0,0
308,4,0.0,0
309,5,0.0,0
310,5,0.0,0
311,5,0.0,0
312,5,0.2,1
313,5,0.0,0
314,121,0.0,0
315,5,0.0,0
316,300,0.0,0
317,3,0.0,0
318,5,0.0,0
319,4,0.0,0
320,5,0.0,0
321,4,0.0,0
322,3,0.0,0
323,7,0.0,0
324,5,0.0,0
325,4,0.0,0
326,5,0.0,0
327,6,0.0,0
328,5,0.0,0
329,3,0.0,0
330,4,0.0,0
331,5,0.0,0
332,3,0.0,0
333,143,0.0,0
334,5,0.0,0
335,5,0.0,0
336,4,0.0,0
337,344,0.0,0
338,124,0.0,0
339,7,0.0,0
340,256,0.0,0
341,7,0.14285714285714285,1
342,108,0.0,0
343,5,0.0,0
344,6,0.0,0
345,3,0.0,0
346,7,0.0,0
347,4,0.0,0
348,4,0.0,0
349,4,0.0,0
350,5,0.0,0
351,8,0.0,0
352,30,0.43333333333333335,1
353,6,0.0,0
354,8,0.0,0
355,105,0.0,0
356,5,0.0,0
357,77,0.0,0
358,6,0.0,0
359,4,0.0,0
360,4,0.0,0
361,190,0.0,0
362,3,0.0,0
363,4,0.0,0
364,4,0.0,0
365,96,0.0,0
366,5,0.0,0
367,5,0.0,0
368,108,0.0,0
369,3,0.0,0
370,4,0.0,0
371,5,0.0,0
372,3,0.0,0
373,6,0.0,0
374,5,0.0,0
375,6,0.0,0
376,4,0.0,0
377,54,0.25925925925925924,1
378,5,0.0,0
379,4,0.0,0
380,4,0.0,0
381,290,0.0,0
382,5,0.0,0
383,4,0.0,0
384,5,0.0,0
385,4,0.0,0
386,5,0.0,0
387,4,0.0,0
388,4,0.0,0
389,38,0.0,0
390,6,0.0,0
391,18,0.0,0
392,369,0.0,0
393,6,0.0,0
394,6,0.0,0
395,3,0.0,0
396,4,0.0,0
397,218,0.0,0
398,6,0.0,0
399,7,0.14285714285714285,1
400,5,0.0,0
401,3,0.0,0
402,4,0.0,0
403,4,0.0,0
404,4,0.0,0
405,112,0.0,0
406,5,0.0,0
407,227,0.0,0
408,5,0.0,0
409,4,0.0,0
410,6,0.0,0
411,7,0.0,0
412,4,0.0,0
413,126,0.0,0
414,5,0.0,0
415,5,0.0,0
416,186,0.0,0
417,288,0.0,0
418,4,0.0,0
419,5,0.0,0
420,3,0.0,0
421,6,0.0,0
422,5,0.0,0
423,331,0.0,0
424,4,0.0,0
425,19,0.0,0
426,330,0.006060606060606061,1
427,25,0.0,0
428,4,0.0,0
429,4,0.0,0
430,5,0.0,0
431,4,0.0,0
432,3,0.0,0
433,158,0.0,0
434,27,0.0,0
435,5,0.0,0
436,5,0.0,0
437,195,0.0,0
438,4,0.0,0
439,5,0.0,0
440,4,0.0,0
441,114,0.0,0
442,6,0.0,0
443,96,0.0,0
444,3,0.0,0
445,7,0.14285714285714285,1
446,4,0.0,0
447,5,0.0,0
448,202,0.0,0
449,29,0.0,0
450,5,0.0,0
451,242,0.0,0
452,4,0.0,0
453,7,0.0,0
454,265,0.0,0
455,4,0.0,0
456,242,0.0,0
457,80,0.0,0
458,4,0.0,0
459,200,0.0,0
460,2,0.0,0
461,308,0.0,0
462,4,0.0,0
463,151,0.0,0
464,6,0.0,0
465,5,0.0,0
466,304,0.003289473684210526,1
467,5,0.0,0
468,76,0.0,0
469,7,0.0,0
470,3,0.0,0
471,47,0.0,0
472,48,0.0,0
473,6,0.0,0
474,5,0.0,0
475,3,0.0,0
476,6,0.0,0
477,5,0.0,0
478,4,0.0,0
479,61,0.0,0
480,4,0.0,0
481,4,0.0,0
482,4,0.0,0
483,4,0.0,0
484,230,0.0,0
485,105,0.0,0
486,4,0.0,0
487,6,0.0,0
488,5,0.0,0
489,227,0.0,0
490,266,0.0,0
491,18,0.0,0
492,4,0.0,0
493,6,0.0,0
494,77,0.0,0
495,2,0.0,0
496,6,0.0,0
497,50,0.0,0
498,5,0.0,0
499,3,0.0,0
500,6,0.0,0
501,5,0.0,0
502,3,0.0,0
503,5,0.0,0
504,223,0.0,0
505,4,0.0,0
506,5,0.0,0
507,7,0.0,0
508,46,0.0,0
509,6,0.0,0
510,19,0.0,0
511,244,0.0,0
512,4,0.0,0
513,6,0.0,0
514,4,0.0,0
515,242,0.0,0
516,5,0.0,0
517,331,0.0,0
518,8,0.0,0
519,4,0.0,0
520,6,0.0,0
521,5,0.0,0
522,140,0.0,0
523,214,0.0,0
524,193,0.0,0
525,4,0.0,0
526,5,0.0,0
527,5,0.0,0
528,3,0.0,0
529,5,0.0,0
530,254,0.0,0
531,161,0.0,0
532,225,0.0,0
533,30,0.5333333333333333,1
534,5,0.0,0
535,4,0.0,0
536,235,0.0,0
537,207,0.0,0
538,6,0.0,0
539,278,0.0,0
540,244,0.0,0
541,5,0.0,0
542,5,0.0,0
543,4,0.0,0
544,19,0.0,0
545,4,0.0,0
546,18,0.0,0
547,3,0.0,0
548,4,0.0,0
549,40,0.0,0
550,63,0.0,0
551,5,0.0,0
552,27,0.4444444444444444,1
553,62,0.0,0
554,140,0.0,0
555,4,0.0,0
556,188,0.0,0
557,5,0.0,0
558,6,0.0,0
559,4,0.0,0
560,21,0.47619047619047616,1
561,6,0.0,0
562,12,0.08333333333333333,1
563,281,0.0,0
564,5,0.0,0
565,8,0.0,0
566,5,0.0,0
567,163,0.0,0
568,6,0.0,0
569,25,0.0,0
570,44,0.0,0
571,4,0.0,0
572,4,0.0,0
573,4,0.0,0
574,6,0.0,0
575,100,0.0,0
576,7,0.0,0
577,7,0.0,0
578,5,0.0,0
579,5,0.0,0
580,225,0.0,0
581,4,0.0,0
582,5,0.0,0
583,25,0.0,0
584,4,0.0,0
585,5,0.0,0
586,5,0.0,0
587,6,0.0,0
588,4,0.0,0
589,4,0.0,0
590,3,0.0,0
591,5,0.0,0
592,4,0.0,0
593,5,0.0,0
594,4,0.0,0
595,321,0.0,0
596,176,0.0,0
597,4,0.0,0
598,2,0.0,0
599,5,0.0,0
600,5,0.0,0
601,147,0.0,0
602,85,0.0,0
603,170,0.0,0
604,201,0.0,0
605,80,0.0,0
606,5,0.0,0
607,3,0.0,0
608,1,0.0,0
609,2,0.0,0
610,43,0.0,0
611,15,0.0,0
612,1,0.0,0
613,58,0.0,0
614,2,0.0,0
616,1,0.0,0
618,72,0.0,0
619,1,0.0,0
620,83,0.0,0
621,81,0.0,0
622,59,0.0,0
623,2,0.0,0
624,2,0.0,0
625,179,0.0,0
626,1,0.0,0
627,89,0.0,0
628,5,0.0,0
629,80,0.0,0
630,130,0.0,0
631,79,0.0,0
632,107,0.0,0
633,99,0.0,0
634,113,0.0,0
635,152,0.0,0
636,187,0.0,0
637,2,0.0,0
638,36,0.0,0
639,1,0.0,0
640,57,0.0,0
641,1,0.0,0
642,71,0.0,0
643,1,0.0,0
644,1,0.0,0
645,107,0.0,0
646,144,0.0,0
647,68,0.0,0
648,1,0.0,0
649,24,0.0,0
650,85,0.0,0
651,114,0.0,0
652,2,0.0,0
653,1,0.0,0
654,112,0.0,0
655,76,0.0,0
656,102,0.0,0
657,5,0.0,0
659,67,0.0,0
660,2,0.0,0
661,12,0.5,1
662,183,0.0,0
663,1,0.0,0
664,73,0.0,0
665,1,0.0,0
666,2,0.0,0
667,1,0.0,0
669,2,0.0,0
670,2,0.0,0
671,2,0.0,0
672,162,0.0,0
673,1,0.0,0
674,1,0.0,0
676,1,0.0,0
677,2,0.0,0
678,133,0.0,0
679,94,0.0,0
680,31,0.0,0
681,70,0.0,0
682,1,0.0,0
683,99,0.0,0
684,1,0.0,0
685,2,0.0,0
686,84,0.0,0
687,57,0.0,0
688,145,0.0,0
690,3,0.0,0
691,137,0.0,0
692,1,0.0,0
694,100,0.0,0
695,56,0.0,0
696,32,0.0,0
697,42,0.0,0
698,116,0.0,0
699,180,0.0,0
700,2,0.0,0
701,51,0.0,0
702,2,0.0,0
703,51,0.0,0
704,2,0.0,0
705,50,0.0,0
706,110,0.0,0
707,33,0.0,0
708,152,0.0,0
709,102,0.0,0
710,123,0.0,0
711,55,0.0,0
713,2,0.0,0
714,1,0.0,0
715,1,0.0,0
716,2,0.0,0
717,1,0.0,0
719,45,0.0,0
720,1,0.0,0
721,2,0.0,0
722,102,0.0,0
723,100,0.0,0
724,1,0.0,0
725,61,0.0,0
726,82,0.0,0
727,1,0.0,0
728,66,0.0,0
729,2,0.0,0
730,2,0.0,0
731,128,0.0,0
732,2,0.0,0
733,2,0.0,0
734,66,0.0,0
735,22,0.0,0
736,150,0.0,0
737,2,0.0,0
738,75,0.0,0
739,110,0.0,0
740,75,0.0,0
741,2,0.0,0
742,133,0.0,0
743,3,0.0,0
744,11,0.0,0
745,63,0.0,0
746,2,0.0,0
747,2,0.0,0
748,50,0.0,0
749,107,0.0,0
751,42,0.0,0
752,49,0.0,0
753,1,0.0,0
754,23,0.0,0
755,63,0.0,0
756,2,0.0,0
757,89,0.0,0
758,1,0.0,0
759,1,0.0,0
760,6,0.0,0
761,72,0.0,0
762,53,0.0,0
763,2,0.0,0
764,67,0.0,0
765,64,0.0,0
766,2,0.0,0
767,2,0.0,0
768,1,0.0,0
769,2,0.0,0
770,18,0.0,0
771,93,0.0,0
772,41,0.0,0
774,1,0.0,0
775,108,0.0,0
776,55,0.0,0
777,3,0.0,0
778,83,0.0,0
779,89,0.0,0
780,1,0.0,0
781,2,0.0,0
782,47,0.0,0
783,65,0.0,0
784,106,0.0,0
785,49,0.0,0
786,85,0.0,0
787,79,0.0,0
789,8,0.0,0
790,1,0.0,0
791,72,0.0,0
793,1,0.0,0
794,1,0.0,0
795,1,0.0,0
796,44,0.0,0
797,126,0.0,0
798,82,0.0,0
799,81,0.0,0
801,2,0.0,0
802,177,0.0,0
803,1,0.0,0
804,42,0.0,0
805,169,0.0,0
806,42,0.0,0
807,3,0.0,0
808,1,0.0,0
809,31,0.0,0
810,2,0.0,0
811,1,0.0,0
812,19,0.0,0
813,88,0.0,0
814,9,0.0,0
815,79,0.0,0
816,80,0.0,0
817,2,0.0,0
818,85,0.0,0
819,110,0.0,0
820,131,0.0,0
822,120,0.008333333333333333,1
823,81,0.0,0
824,30,0.0,0
825,6431,0.0013994713108381278,0
826,2,0.0,0
827,35,0.0,0
828,2,0.0,0
829,170,0.0,0
830,113,0.0,0
831,1,0.0,0
832,91,0.0,0
833,2,0.0,0
834,111,0.0,0
835,82,0.0,0
836,1,0.0,0
837,119,0.0,0
838,71,0.0,0
839,62,0.0,0
840,2,0.0,0
842,2,0.0,0
843,33,0.0,0
844,22,0.0,0
845,1,0.0,0
846,15,0.0,0
847,2,0.0,0
848,225,0.0,0
849,83,0.0,0
850,1,0.0,0
851,1,0.0,0
852,1,0.0,0
855,1,0.0,0
856,1,0.0,0
857,57,0.0,0
859,31,0.0,0
860,1,0.0,0
861,173,0.0,0
862,16,0.0,0
863,5,0.0,0
864,2,0.0,0
865,42,0.0,0
866,1,0.0,0
867,2,0.0,0
868,2,0.0,0
869,45,0.0,0
870,152,0.0,0
871,155,0.0,0
872,89,0.0,0
873,74,0.0,0
874,79,0.0,0
875,1,0.0,0
876,1,0.0,0
877,69,0.0,0
878,3,0.0,0
879,101,0.0,0
880,104,0.0,0
881,2,0.0,0
882,1,0.0,0
883,3,0.0,0
884,2,0.0,0
885,9,0.0,0
887,71,0.0,0
888,75,0.0,0
889,29,0.4482758620689655,1
890,22,0.0,0
891,1,0.0,0
892,1,0.0,0
893,46,0.34782608695652173,1
894,2,0.0,0
895,1,0.0,0
896,52,0.0,0
897,1,0.0,0
899,53,0.0,0
900,106,0.0,0
901,103,0.0,0
902,44,0.0,0
903,115,0.0,0
905,51,0.0,0
906,37,0.0,0
907,1,0.0,0
908,22,0.5,1
909,3,0.0,0
910,1,0.0,0
911,4,0.0,0
912,51,0.0,0
913,2,0.0,0
914,12,0.0,0
915,53,0.0,0
916,23,0.0,0
917,64,0.0,0
918,27,0.0,0
919,1,0.0,0
920,32,0.0,0
921,15,0.0,0
922,2,0.0,0
923,1,0.0,0
924,49,0.0,0
925,2,0.0,0
926,36,0.0,0
927,2,0.0,0
928,119,0.0,0
929,116,0.0,0
931,4,0.0,0
932,1,0.0,0
933,67,0.0,0
934,2,0.0,0
935,170,0.0,0
936,26,0.5,1
937,1,0.0,0
938,81,0.0,0
939,111,0.0,0
940,160,0.0,0
941,2,0.0,0
942,24,0.5,1
943,114,0.0,0
944,2,0.0,0
945,60,0.0,0
946,96,0.0,0
947,148,0.0,0
948,86,0.0,0
949,1,0.0,0
950,2,0.0,0
951,127,0.0,0
953,28,0.0,0
954,39,0.0,0
955,2,0.0,0
956,2,0.0,0
957,40,0.0,0
958,36,0.0,0
959,15,0.0,0
960,1,0.0,0
961,1,0.0,0
962,42,0.0,0
963,1,0.0,0
964,21,0.0,0
965,32,0.0,0
966,2,0.0,0
967,1,0.0,0
968,1,0.0,0
969,1,0.0,0
970,72,0.0,0
971,1,0.0,0
972,46,0.0,0
973,184,0.0,0
974,1,0.0,0
975,25,0.52,1
976,1,0.0,0
977,18,0.5,1
978,2,0.0,0
979,51,0.0,0
980,2,0.0,0
981,1,0.0,0
982,1,0.0,0
983,1,0.0,0
984,1,0.0,0
985,59,0.0,0
986,26,0.5769230769230769,1
987,2,0.0,0
988,94,0.0,0
989,118,0.0,0
990,1,0.0,0
991,196,0.0,0
992,101,0.0,0
993,60,0.0,0
994,113,0.0,0
995,3,0.0,0
996,147,0.0,0
997,95,0.0,0
998,1,0.0,0
999,1,0.0,0
1000,52,0.0,0
1001,1,0.0,0
1002,80,0.0,0
1003,77,0.0,0
1004,45,0.0,0
1005,1,0.0,0
1006,85,0.0,0
1007,41,0.0,0
1008,217,0.0,0
1009,73,0.0,0
1010,2,0.0,0
1011,3,0.0,0
1012,23,0.0,0
1013,2,0.0,0
1014,1,0.0,0
1015,239,0.0,0
1016,7,0.0,0
1017,2,0.0,0
1018,1,0.0,0
1019,61,0.0,0
1020,99,0.0,0
1021,1,0.0,0
1022,145,0.0,0
1023,98,0.0,0
1024,127,0.0,0
1025,103,0.0,0
1027,1,0.0,0
1028,1,0.0,0
1029,2,0.0,0
1030,66,0.0,0
1031,57,0.0,0
1032,44,0.0,0
1033,49,0.0,0
1034,56,0.0,0
1035,2,0.0,0
1036,69,0.0,0
1037,31,0.0,0
1038,62,0.0,0
1039,1,0.0,0
1040,1,0.0,0
1041,2,0.0,0
1042,2,0.0,0
1043,52,0.0,0
1044,67,0.0,0
1045,85,0.0,0
1046,60,0.0,0
1047,1,0.0,0
1049,1,0.0,0
1050,1,0.0,0
1051,2,0.0,0
1052,38,0.0,0
1053,56,0.0,0
1054,1,0.0,0
1055,1,0.0,0
1056,1,0.0,0
1057,2,0.0,0
1058,1,0.0,0
1059,26,0.0,0
1060,79,0.0,0
1061,4,0.0,0
1062,2,0.0,0
1063,85,0.0,0
1064,2,0.0,0
1065,46,0.0,0
1066,21,0.0,0
1067,66,0.0,0
1068,36,0.0,0
1069,2,0.0,0
1070,1,0.0,0
1071,89,0.0,0
1072,1,0.0,0
1073,108,0.0,0
1074,110,0.0,0
1075,98,0.0,0
1076,2,0.0,0
1077,69,0.0,0
1078,1,0.0,0
1079,56,0.0,0
1080,82,0.0,0
1081,66,0.0,0
1082,88,0.0,0
1083,22,0.0,0
1084,19,0.0,0
1085,82,0.0,0
1086,64,0.0,0
1087,42,0.0,0
1088,28,0.0,0
1089,135,0.0,0
1090,65,0.0,0
1091,1,0.0,0
1092,63,0.0,0
1093,112,0.0,0
1094,86,0.0,0
1095,84,0.0,0
1096,32,0.0,0
1097,130,0.0,0
1098,2,0.0,0
1099,1,0.0,0
1100,32,0.0,0
1101,168,0.0,0
1102,88,0.0,0
1103,1,0.0,0
1104,95,0.0,0
1105,65,0.0,0
1106,77,0.0,0
1107,40,0.0,0
1108,71,0.0,0
1109,61,0.0,0
1110,3,0.0,0
1111,95,0.0,0
1112,2,0.0,0
1113,1,0.0,0
1114,1,0.0,0
1115,1,0.0,0
1116,76,0.0,0
1117,1,0.0,0
1118,75,0.0,0
1119,2,0.0,0
1121,7,0.0,0
1122,105,0.0,0
1123,1,0.0,0
1124,45,0.0,0
1125,52,0.0,0
1126,59,0.0,0
1127,1,0.0,0
1128,2,0.0,0
1129,62,0.0,0
1130,71,0.0,0
1131,138,0.0,0
1132,107,0.0,0
1133,2,0.0,0
1134,117,0.0,0
1136,1,0.0,0
1137,92,0.0,0
1138,172,0.0,0
1139,2,0.0,0
1140,2,0.0,0
1142,104,0.0,0
1143,1,0.0,0
1144,95,0.0,0
1145,91,0.0,0
1146,1,0.0,0
1147,162,0.0,0
1148,2,0.0,0
1149,29,0.0,0
1150,2,0.0,0
1151,1,0.0,0
1152,44,0.0,0
1153,38,0.0,0
1154,70,0.0,0
1155,70,0.0,0
1156,100,0.0,0
1157,1,0.0,0
1158,2,0.0,0
1159,106,0.0,0
1160,112,0.0,0
1162,2,0.0,0
1163,2,0.0,0
1164,99,0.0,0
1165,141,0.0,0
1166,1,0.0,0
1167,2,0.0,0
1168,15,0.0,0
1169,48,0.0,0
1171,87,0.0,0
1172,1,0.0,0
1173,186,0.0,0
1174,65,0.0,0
1175,154,0.0,0
1176,2,0.0,0
1177,2,0.0,0
1178,93,0.0,0
1179,71,0.0,0
1180,2,0.0,0
1181,173,0.0,0
1182,3,0.0,0
1183,108,0.0,0
1184,1,0.0,0
1185,2,0.0,0
1186,3,0.0,0
1187,68,0.0,0
1188,3,0.0,0
1189,113,0.0,0
1190,1,0.0,0
1191,85,0.0,0
1192,17,0.0,0
1193,67,0.0,0
1194,89,0.0,0
1195,61,0.0,0
1196,188,0.0,0
1197,148,0.0,0
1198,2,0.0,0
1199,1,0.0,0
1200,1,0.0,0
1201,1,0.0,0
1202,1,0.0,0
1203,103,0.0,0
1204,41,0.0,0
1205,1,0.0,0
1206,1,0.0,0
1207,75,0.0,0
1208,69,0.0,0
1209,135,0.0,0
1210,96,0.0,0
1211,156,0.0,0
1212,68,0.0,0
1214,85,0.0,0
1215,2,0.0,0
1216,9,0.0,0
1217,102,0.0,0
1218,2,0.0,0
1219,64,0.0,0
1220,176,0.0,0
1221,42,0.0,0
1222,10,0.0,0
1223,32,0.0,0
1224,183,0.0,0
1225,118,0.0,0
1226,184,0.0,0
1227,40,0.0,0
1228,77,0.0,0
1229,1,0.0,0
1230,99,0.0,0
1231,105,0.0,0
1232,1,0.0,0
1233,82,0.0,0
1234,1,0.0,0
1235,109,0.0,0
1236,2,0.0,0
1237,122,0.0,0
1238,75,0.0,0
1239,3,0.0,0
1240,1,0.0,0
1241,43,0.0,0
1242,27,0.0,0
1243,95,0.0,0
1244,21,0.0,0
1245,2,0.0,0
1246,17,0.0,0
1248,2,0.0,0
1249,33,0.0,0
1250,1,0.0,0
1251,1,0.0,0
1252,1,0.0,0
1253,2,0.0,0
1254,58,0.0,0
1255,2,0.0,0
1256,46,0.0,0
1257,99,0.0,0
1258,61,0.0,0
1259,72,0.0,0
1260,57,0.0,0
1261,1,0.0,0
1262,87,0.0,0
1263,48,0.0,0
1264,172,0.0,0
1265,67,0.0,0
1266,168,0.0,0
1267,46,0.0,0
1268,16,0.0,0
1269,1,0.0,0
1270,146,0.0,0
1271,2,0.0,0
1272,81,0.0,0
1273,57,0.0,0
1274,2,0.0,0
1275,64,0.0,0
1277,94,0.0,0
1278,137,0.0,0
1279,79,0.0,0
1280,145,0.0,0
1281,9,0.0,0
1282,79,0.0,0
1283,134,0.0,0
1284,148,0.0,0
1285,113,0.0,0
1286,85,0.0,0
1287,1,0.0,0
1288,2,0.0,0
1289,2,0.0,0
1290,2,0.0,0
1291,2,0.0,0
1292,2,0.0,0
1293,173,0.0,0
1294,2,0.0,0
1295,27,0.0,0
1296,1,0.0,0
1297,2,0.0,0
1298,1,0.0,0
1299,6,0.0,0
1300,31,0.0,0
1301,97,0.0,0
1302,32,0.0,0
1303,2,0.0,0
1304,122,0.0,0
1305,1,0.0,0
1306,91,0.0,0
1307,63,0.0,0
1308,3,0.0,0
1309,2,0.0,0
1310,101,0.0,0
1311,113,0.0,0
1312,51,0.0,0
1313,41,0.0,0
1314,103,0.0,0
1315,119,0.0,0
1316,2,0.0,0
1317,109,0.0,0
1318,84,0.0,0
1320,115,0.0,0
1321,1,0.0,0
1322,123,0.0,0
1323,72,0.0,0
1324,69,0.0,0
1325,159,0.0,0
1326,59,0.0,0
1327,73,0.0,0
1328,1,0.0,0
1329,47,0.0,0
1330,193,0.0,0
1331,42,0.047619047619047616,1
1332,54,0.0,0
1333,85,0.0,0
1334,34,0.0,0
1335,46,0.0,0
1336,49,0.0,0
1337,3,0.0,0
1338,2,0.0,0
1339,96,0.0,0
1340,97,0.0,0
1341,16,0.0,0
1342,2,0.0,0
1343,83,0.0,0
1344,40,0.0,0
1345,1,0.0,0
1346,62,0.0,0
1347,101,0.0,0
1348,90,0.0,0
1349,5,0.0,0
1350,112,0.0,0
1351,174,0.0,0
1352,85,0.0,0
1353,2,0.0,0
1354,78,0.0,0
1355,73,0.0,0
1356,55,0.0,0
1357,42,0.0,0
1358,136,0.0,0
1359,2,0.0,0
1360,2,0.0,0
1361,136,0.0,0
1362,1,0.0,0
1363,81,0.0,0
1364,38,0.0,0
1365,172,0.0,0
1366,95,0.0,0
1367,161,0.0,0
1368,57,0.0,0
1369,47,0.0,0
1370,1,0.0,0
1371,2,0.0,0
1372,2,0.0,0
1373,216,0.0,0
1374,93,0.0,0
1375,1,0.0,0
1376,21,0.6190476190476191,1
1377,64,0.0,0
1378,2,0.0,0
1379,1,0.0,0
1380,48,0.0,0
1381,2,0.0,0
1382,163,0.0,0
1383,2,0.0,0
1384,1,0.0,0
1385,26,0.0,0
1386,16,0.0,0
1387,124,0.0,0
1388,52,0.0,0
1389,76,0.0,0
1390,1,0.0,0
1391,1,0.0,0
1392,1,0.0,0
1393,1,0.0,0
1394,127,0.0,0
1395,54,0.0,0
1396,1,0.0,0
1397,1,0.0,0
1398,62,0.0,0
1399,63,0.0,0
1400,108,0.0,0
1401,24,0.0,0
1402,167,0.0,0
1403,181,0.0,0
1404,1,0.0,0
1405,15,0.0,0
1406,2,0.0,0
1407,86,0.0,0
1408,1,0.0,0
1409,2,0.0,0
1410,32,0.0,0
1411,117,0.0,0
1412,79,0.0,0
1413,1,0.0,0
1414,2,0.0,0
1415,1,0.0,0
1416,72,0.0,0
1417,1,0.0,0
1418,60,0.0,0
1419,66,0.0,0
1420,1,0.0,0
1421,16,0.0,0
1423,15,0.0,0
1424,66,0.0,0
1425,3,0.0,0
1426,2,0.0,0
1427,2,0.0,0
1428,41,0.0,0
1429,16,0.0,0
1431,50,0.0,0
1432,2,0.0,0
1434,42,0.0,0
1435,2,0.0,0
1436,80,0.0,0
1437,2,0.0,0
1438,1,0.0,0
1439,134,0.0,0
1440,1,0.0,0
1441,145,0.0,0
1442,90,0.0,0
1443,28,0.0,0
1444,1,0.0,0
1445,1,0.0,0
1446,56,0.0,0
1447,61,0.0,0
1448,88,0.0,0
1449,2,0.0,0
1451,2,0.0,0
1452,64,0.0,0
1453,75,0.0,0
1454,111,0.0,0
1455,1,0.0,0
1456,88,0.0,0
1457,63,0.0,0
1458,1,0.0,0
1459,47,0.0,0
1460,53,0.0,0
1461,3,0.0,0
1462,92,0.0,0
1463,134,0.0,0
1464,90,0.0,0
1465,1,0.0,0
1466,1,0.0,0
1467,57,0.0,0
1468,88,0.0,0
1469,1,0.0,0
1470,1,0.0,0
1471,99,0.0,0
1472,109,0.0,0
1473,41,0.0,0
1474,94,0.0,0
1475,56,0.0,0
1476,177,0.0,0
1477,49,0.0,0
1478,83,0.0,0
1479,2,0.0,0
1481,1,0.0,0
1482,101,0.0,0
1483,110,0.0,0
1484,62,0.0,0
1485,1,0.0,0
1486,79,0.0,0
1487,129,0.0,0
1488,15,0.0,0
1489,1,0.0,0
1490,91,0.0,0
1491,2,0.0,0
1492,64,0.0,0
1493,75,0.0,0
1494,2,0.0,0
1495,94,0.0,0
1496,2,0.0,0
1497,119,0.0,0
1498,1,0.0,0
1499,2,0.0,0
1500,2,0.0,0
1501,2,0.0,0
1502,106,0.0,0
1503,1,0.0,0
1504,1,0.0,0
1505,1,0.0,0
1506,1,0.0,0
1507,37,0.0,0
1508,151,0.0,0
1509,3,0.0,0
1510,1,0.0,0
1511,11,0.0,0
1512,79,0.0,0
1513,73,0.0,0
1514,3,0.0,0
1515,53,0.0,0
1516,2,0.0,0
1517,1,0.0,0
1518,15,0.0,0
1519,49,0.0,0
1520,1,0.0,0
1521,31,0.0,0
1522,1,0.0,0
1523,23,0.0,0
1524,35,0.0,0
1525,68,0.0,0
1526,2,0.0,0
1527,59,0.0,0
1528,65,0.0,0
1529,1,0.0,0
1530,32,0.0,0
1531,87,0.0,0
1532,2,0.0,0
1533,55,0.0,0
1534,2,0.0,0
1535,1,0.0,0
1536,1,0.0,0
1537,41,0.0,0
1538,77,0.07792207792207792,1
1539,239,0.0,0
1540,43,0.0,0
1541,1,0.0,0
1542,125,0.0,0
1543,1,0.0,0
1544,127,0.0,0
1545,1,0.0,0
1546,1,0.0,0
1547,198,0.0,0
1548,63,0.0,0
1549,17,0.058823529411764705,1
1550,137,0.0,0
1551,2,0.0,0
1552,33,0.0,0
1553,1,0.0,0
1554,25,0.0,0
1555,42,0.0,0
1556,2,0.0,0
1557,90,0.0,0
1558,75,0.0,0
1560,21,0.0,0
1561,97,0.0,0
1562,2,0.0,0
1563,28,0.0,0
1564,82,0.0,0
1565,76,0.0,0
1566,49,0.0,0
1567,88,0.0,0
1568,2,0.0,0
1569,2,0.0,0
1570,148,0.0,0
1571,1,0.0,0
1572,75,0.0,0
1573,3,0.0,0
1574,109,0.0,0
1575,117,0.0,0
1576,28,0.0,0
1577,70,0.0,0
1578,106,0.0,0
1579,20,0.0,0
1580,1,0.0,0
1581,1,0.0,0
1582,59,0.0,0
1583,1,0.0,0
1584,2,0.0,0
1587,2,0.0,0
1588,85,0.0,0
1589,1,0.0,0
1590,84,0.0,0
1591,51,0.0,0
1592,8,0.0,0
1593,41,0.0,0
1594,82,0.0,0
1595,1,0.0,0
1596,1,0.0,0
1597,75,0.0,0
1598,2,0.0,0
1599,53,0.0,0
1600,3,0.0,0
1601,134,0.0,0
1602,102,0.0,0
1603,2,0.0,0
1604,2,0.0,0
1605,1,0.0,0
1606,2,0.0,0
1607,186,0.0,0
1608,103,0.0,0
1609,78,0.0,0
1610,1,0.0,0
1611,4,0.0,0
1612,95,0.0,0
1613,1,0.0,0
1614,1,0.0,0
1615,91,0.0,0
1616,196,0.0,0
1617,6,0.0,0
1618,77,0.0,0
1619,118,0.0,0
1620,60,0.0,0
1621,100,0.0,0
1623,65,0.0,0
1624,86,0.0,0
1625,70,0.0,0
1626,1,0.0,0
1627,1,0.0,0
1628,2,0.0,0
1629,3,0.0,0
1630,2,0.0,0
1631,1,0.0,0
1632,1,0.0,0
1633,1,0.0,0
1634,2,0.0,0
1635,1,0.0,0
1636,1,0.0,0
1637,54,0.0,0
1638,114,0.0,0
1639,125,0.0,0
1640,85,0.0,0
1641,103,0.0,0
1642,123,0.0,0
1643,85,0.0,0
1644,2,0.0,0
1645,32,0.0,0
1646,45,0.0,0
1647,3,0.0,0
1648,13,0.0,0
1649,73,0.0,0
1650,15,0.0,0
1651,27,0.0,0
1652,1,0.0,0
1653,43,0.0,0
1654,121,0.0,0
1655,60,0.0,0
1656,46,0.0,0
1657,1,0.0,0
1658,1,0.0,0
1659,77,0.0,0
1660,2,0.0,0
1661,2,0.0,0
1662,1,0.0,0
1663,84,0.0,0
1664,2,0.0,0
1665,143,0.0,0
1666,60,0.0,0
1667,224,0.0,0
1668,98,0.0,0
1669,2,0.0,0
1670,4,0.0,0
1671,76,0.0,0
1672,158,0.0,0
1673,69,0.0,0
1674,1,0.0,0
1675,56,0.0,0
1676,43,0.0,0
1678,84,0.0,0
1679,166,0.0,0
1680,53,0.0,0
1681,46,0.0,0
1682,49,0.0,0
1683,1,0.0,0
1684,47,0.0,0
1685,1,0.0,0
1686,1,0.0,0
1687,137,0.0,0
1688,205,0.0,0
1689,63,0.0,0
1690,93,0.0,0
1691,111,0.0,0
1692,9,0.0,0
1693,40,0.0,0
1694,93,0.0,0
1695,55,0.0,0
1696,2,0.0,0
1697,103,0.0,0
1698,32,0.0,0
1699,1,0.0,0
1700,1,0.0,0
1701,106,0.0,0
1702,40,0.0,0
1703,5,0.0,0
1704,97,0.0,0
1705,76,0.0,0
1706,112,0.0,0
1707,63,0.0,0
1708,88,0.0,0
1709,2,0.0,0
1710,123,0.0,0
1711,1,0.0,0
1712,104,0.0,0
1714,99,0.0,0
1715,31,0.0,0
1717,1,0.0,0
1718,2,0.0,0
1719,53,0.0,0
1720,1,0.0,0
1721,2,0.0,0
1722,90,0.0,0
1723,2,0.0,0
1724,99,0.0,0
1725,48,0.0,0
1726,2,0.0,0
1727,2,0.0,0
1728,2,0.0,0
1729,56,0.0,0
1730,45,0.0,0
1731,1,0.0,0
1732,3,0.0,0
1733,2,0.0,0
1734,96,0.0,0
1735,133,0.0,0
1736,1,0.0,0
1738,2,0.0,0
1739,8,0.0,0
1740,30,0.0,0
1741,55,0.0,0
1742,2,0.0,0
1743,73,0.0,0
1744,2,0.0,0
1745,3,0.3333333333333333,1
1746,69,0.0,0
1747,1,0.0,0
1748,120,0.0,0
1750,1,0.0,0
1751,51,0.0,0
1752,36,0.0,0
1753,55,0.0,0
1754,81,0.0,0
1755,85,0.0,0
1756,2,0.0,0
1757,134,0.0,0
1758,2,0.0,0
1759,28,0.0,0
1760,1,0.0,0
1761,1,0.0,0
1762,5,0.0,0
1763,28,0.0,0
1764,110,0.0,0
1765,101,0.0,0
1766,106,0.0,0
1767,169,0.0,0
1768,73,0.0,0
1769,1,0.0,0
1770,2,0.0,0
1771,101,0.0,0
1772,70,0.0,0
1773,1,0.0,0
1774,51,0.0,0
1775,2,0.0,0
1776,48,0.0,0
1777,148,0.0,0
1778,43,0.0,0
1779,35,0.0,0
1780,2,0.0,0
1781,2,0.0,0
1782,107,0.0,0
1784,138,0.0,0
1786,113,0.0,0
1787,32,0.0,0
1788,1,0.0,0
1789,105,0.0,0
1790,196,0.0,0
1791,2,0.0,0
1792,78,0.0,0
1793,6,0.0,0
1794,145,0.0,0
1796,2,0.0,0
1797,6,0.0,0
1798,49,0.0,0
1799,2,0.0,0
1800,65,0.0,0
1801,1,0.0,0
1802,68,0.0,0
1803,112,0.0,0
1804,105,0.0,0
1805,2,0.0,0
1806,81,0.0,0
1807,64,0.0,0
1808,1,0.0,0
1809,83,0.0,0
1810,2,0.0,0
1811,65,0.0,0
1812,2,0.0,0
1813,4,0.0,0
1814,106,0.0,0
1815,2,0.0,0
1816,2,0.0,0
1817,46,0.32608695652173914,1
1818,1,0.0,0
1819,88,0.0,0
1820,59,0.0,0
1821,105,0.0,0
1823,1,0.0,0
1824,105,0.0,0
1825,2,0.0,0
1826,178,0.0,0
1827,47,0.0,0
1828,1,0.0,0
1829,36,0.2222222222222222,1
1830,77,0.0,0
1831,38,0.0,0
1832,12,0.0,0
1833,1,0.0,0
1834,74,0.0,0
1835,54,0.0,0
1836,101,0.0,0
1837,1,0.0,0
1838,60,0.0,0
1839,108,0.0,0
1840,1,0.0,0
1841,123,0.0,0
1842,108,0.0,0
1843,1,0.0,0
1844,1,0.0,0
1845,1,0.0,0
1846,33,0.0,0
1847,1,0.0,0
1848,15,0.0,0
1849,1,0.0,0
1850,171,0.0,0
1851,55,0.0,0
1853,68,0.0,0
1854,2,0.0,0
1855,95,0.0,0
1856,171,0.0,0
1857,57,0.0,0
1858,80,0.0,0
1859,53,0.0,0
1860,1,0.0,0
1861,148,0.0,0
1862,66,0.0,0
1863,2,0.0,0
1865,63,0.0,0
1866,51,0.0,0
1867,96,0.0,0
1868,2,0.0,0
1869,1,0.0,0
1870,75,0.0,0
1872,4,0.25,1
1873,85,0.0,0
1874,2,0.0,0
1875,82,0.0,0
1876,16,0.0,0
1877,1,0.0,0
1878,14,0.0,0
1879,48,0.0,0
1880,47,0.0,0
1881,90,0.0,0
1882,139,0.0,0
1883,110,0.0,0
1884,29,0.0,0
1885,59,0.0,0
1886,2,0.0,0
1887,206,0.0,0
1888,2,0.0,0
1889,235,0.0,0
1890,1,0.0,0
1891,30,0.5,1
1892,49,0.0,0
1893,105,0.0,0
1894,29,0.0,0
1895,2,0.0,0
1896,105,0.0,0
1897,48,0.0,0
1899,110,0.0,0
1900,78,0.0,0
1901,92,0.0,0
1902,77,0.0,0
1903,33,0.0,0
1904,1,0.0,0
1905,2,0.0,0
1906,56,0.0,0
1907,2,0.0,0
1908,76,0.0,0
1909,2,0.0,0
1910,30,0.0,0
1911,1,0.0,0
1912,45,0.0,0
1913,20,0.0,0
1914,87,0.0,0
1915,85,0.0,0
1916,104,0.0,0
1917,2,0.0,0
1918,123,0.0,0
1919,1,0.0,0
1920,1,0.0,0
1921,1,0.0,0
1922,1,0.0,0
1923,1,0.0,0
1924,79,0.0,0
1925,152,0.0,0
1926,36,0.0,0
1927,1,0.0,0
1928,1,0.0,0
1929,81,0.0,0
1930,3,0.0,0
1931,6,0.3333333333333333,1
1932,54,0.0,0
1933,1,0.0,0
1934,1,0.0,0
1936,72,0.0,0
1937,5,0.2,1
1938,117,0.0,0
1939,104,0.0,0
1940,2,0.0,0
1941,1,0.0,0
1943,125,0.0,0
1944,143,0.0,0
1945,87,0.0,0
1946,58,0.0,0
1947,1,0.0,0
1948,71,0.0,0
1949,3,0.0,0
1950,1,0.0,0
1951,76,0.0,0
1952,121,0.0,0
1953,84,0.0,0
1954,3,0.0,0
1955,2,0.0,0
1956,2,0.0,0
1957,1,0.0,0
1958,2,0.0,0
1959,1,0.0,0
1961,72,0.0,0
1962,2,0.0,0
1963,53,0.0,0
1964,65,0.0,0
1965,75,0.0,0
1966,112,0.0,0
1967,88,0.0,0
1968,60,0.0,0
1969,2,0.0,0
1970,70,0.0,0
1971,12,0.0,0
1972,2,0.0,0
1973,2,0.0,0
1974,1,0.0,0
1975,2,0.0,0
1976,2,0.0,0
1977,2,0.0,0
1978,60,0.0,0
1979,1,0.0,0
1980,18,0.0,0
1981,2,0.0,0
1982,1,0.0,0
1983,2,0.0,0
1984,98,0.0,0
1985,50,0.0,0
1986,120,0.0,0
1987,2,0.0,0
1988,148,0.0,0
1989,1,0.0,0
1990,29,0.0,0
1991,73,0.0,0
1992,1,0.0,0
1993,64,0.0,0
1994,18,0.0,0
1995,55,0.0,0
1996,114,0.0,0
1997,145,0.0,0
1998,1,0.0,0
1999,2,0.0,0
2000,29,0.0,0
2001,91,0.0,0
2002,2,0.0,0
2003,2,0.0,0
2004,149,0.0,0
2005,1,0.0,0
2006,25,0.0,0
2007,93,0.0,0
2008,70,0.0,0
2009,127,0.0,0
2010,34,0.0,0
2011,87,0.0,0
2012,114,0.0,0
2013,3,0.0,0
2014,2,0.0,0
2015,1,0.0,0
2016,2,0.0,0
2017,30,0.5,1
2018,54,0.0,0
2019,72,0.0,0
2020,1,0.0,0
2021,47,0.0,0
2022,83,0.0,0
2023,2,0.0,0
2024,56,0.0,0
2025,1,0.0,0
2026,1,0.0,0
2027,61,0.21311475409836064,1
2028,77,0.0,0
2029,2,0.0,0
2030,51,0.0,0
2031,157,0.0,0
2032,141,0.0,0
2033,2,0.0,0
2034,68,0.0,0
2035,1,0.0,0
2036,51,0.0,0
2037,119,0.0,0
2038,1,0.0,0
2039,1,0.0,0
2040,125,0.0,0
2042,1,0.0,0
2043,153,0.0,0
2044,66,0.0,0
2045,2,0.0,0
2046,132,0.0,0
2047,83,0.0,0
2048,117,0.0,0
2049,4,0.0,0
2050,116,0.0,0
2051,1,0.0,0
2052,1,0.0,0
2053,66,0.0,0
2054,1,0.0,0
2055,70,0.0,0
2056,39,0.0,0
2057,10,0.5,1
2058,2,0.0,0
2059,74,0.0,0
2060,100,0.0,0
2061,76,0.0,0
2062,1,0.0,0
2063,54,0.0,0
2064,1,0.0,0
2065,2,0.0,0
2066,71,0.0,0
2067,56,0.0,0
2068,2,0.0,0
2069,2,0.0,0
2070,2,0.0,0
2071,77,0.0,0
2072,101,0.0,0
2073,92,0.0,0
2074,2,0.0,0
2075,59,0.0,0
2076,2,0.0,0
2077,15,0.0,0
2078,53,0.0,0
2079,96,0.0,0
2080,1,0.0,0
2081,2,0.0,0
2082,77,0.0,0
2083,2,0.0,0
2084,2,0.0,0
2085,1,0.0,0
2086,75,0.0,0
2087,2,0.0,0
2088,167,0.0,0
2089,2,0.0,0
2090,73,0.0,0
2091,121,0.0,0
2092,33,0.0,0
2093,273,0.0,0
2094,82,0.0,0
2095,1,0.0,0
2096,84,0.0,0
2097,63,0.0,0
2098,1,0.0,0
2099,62,0.0,0
2100,2,0.0,0
2101,2,0.0,0
2102,279,0.0,0
2103,146,0.0,0
2104,41,0.0,0
2105,2,0.0,0
2106,127,0.0,0
2107,91,0.0,0
2108,1,0.0,0
2109,81,0.0,0
2110,2,0.0,0
2111,1,0.0,0
2112,1,0.0,0
2113,2,0.0,0
2114,47,0.0,0
2115,1,0.0,0
2116,38,0.0,0
2117,92,0.0,0
2118,63,0.0,0
2119,119,0.0,0
2120,118,0.0,0
2121,63,0.0,0
2122,2,0.0,0
2123,43,0.0,0
2124,95,0.0,0
2125,116,0.0,0
2127,63,0.0,0
2128,126,0.0,0
2129,49,0.0,0
2130,177,0.0,0
2131,1,0.0,0
2132,1,0.0,0
2133,2,0.0,0
2134,1,0.0,0
2135,142,0.0,0
2136,34,0.0,0
2137,64,0.0,0
2138,69,0.0,0
2139,116,0.0,0
2140,103,0.0,0
2141,2,0.0,0
2142,77,0.0,0
2143,2,0.0,0
2144,1,0.0,0
2145,35,0.0,0
2146,1,0.0,0
2147,136,0.0,0
2148,89,0.0,0
2149,20,0.0,0
2151,113,0.0,0
2152,230,0.0,0
2153,35,0.0,0
2154,97,0.0,0
2155,59,0.0,0
2156,90,0.0,0
2157,174,0.0,0
2158,1,0.0,0
2159,2,0.0,0
2160,1,0.0,0
2161,37,0.0,0
2162,87,0.0,0
2163,1,0.0,0
2164,5,0.0,0
2165,48,0.0,0
2166,1,0.0,0
2167,2,0.0,0
2168,102,0.0,0
2169,42,0.0,0
2170,1,0.0,0
2171,68,0.0,0
2172,41,0.0,0
2173,40,0.0,0
2174,78,0.0,0
2176,2,0.0,0
2177,2,0.0,0
2178,3,0.0,0
2179,1,0.0,0
2180,129,0.0,0
2181,2,0.0,0
2182,1,0.0,0
2183,90,0.0,0
2184,25,0.0,0
2185,72,0.0,0
2186,27,0.0,0
2187,1,0.0,0
2188,2,0.0,0
2189,118,0.0,0
2190,70,0.0,0
2191,1,0.0,0
2193,1,0.0,0
2194,2,0.0,0
2195,1,0.0,0
2196,1,0.0,0
2197,1,0.0,0
2198,123,0.0,0
2199,94,0.0,0
2200,87,0.0,0
2201,4,0.0,0
2202,122,0.0,0
2203,2,0.0,0
2204,73,0.0,0
2205,212,0.0,0
2206,2,0.0,0
2207,2,0.0,0
2208,4,0.0,0
2209,75,0.0,0
2210,83,0.0,0
2211,54,0.0,0
2212,96,0.0,0
2213,63,0.0,0
2214,81,0.0,0
2215,162,0.0,0
2216,64,0.0,0
2217,56,0.0,0
2218,76,0.0,0
2219,2,0.0,0
2220,123,0.0,0
2221,66,0.0,0
2222,101,0.0,0
2223,89,0.0,0
2224,2,0.0,0
2225,5,0.0,0
2226,2,0.0,0
2227,1,0.0,0
2228,2,0.0,0
2229,1,0.0,0
2230,3,0.0,0
2231,119,0.0,0
2232,99,0.0,0
2233,77,0.0,0
2234,95,0.0,0
2235,198,0.0,0
2236,194,0.0,0
2237,94,0.0,0
2238,54,0.0,0
2239,25,0.0,0
2240,87,0.0,0
2241,89,0.0,0
2242,1,0.0,0
2243,34,0.0,0
2244,1,0.0,0
2245,179,0.0,0
2246,40,0.0,0
2247,59,0.0,0
2248,132,0.007575757575757576,1
2249,1,0.0,0
2250,158,0.0,0
2251,1,0.0,0
2252,68,0.0,0
2253,1,0.0,0
2254,93,0.0,0
2255,1,0.0,0
2256,121,0.0,0
2257,70,0.0,0
2258,1,0.0,0
2259,104,0.0,0
2260,2,0.0,0
2261,67,0.0,0
2262,2,0.0,0
2263,76,0.0,0
2264,2,0.0,0
2265,65,0.0,0
2266,152,0.0,0
2267,68,0.0,0
2269,48,0.0,0
2270,27,0.0,0
2271,1,0.0,0
2272,51,0.0,0
2273,1,0.0,0
2274,122,0.0,0
2275,2,0.0,0
2276,92,0.0,0
2277,1,0.0,0
2278,2,0.0,0
2279,3,0.0,0
2280,1,0.0,0
2281,1,0.0,0
2282,2,0.0,0
2283,115,0.0,0
2284,1,0.0,0
2285,1,0.0,0
2286,140,0.0,0
2287,2,0.0,0
2288,16,0.0,0
2289,38,0.0,0
2290,90,0.0,0
2291,42,0.0,0
2292,97,0.0,0
2293,146,0.0,0
2294,116,0.0,0
2296,54,0.0,0
2297,180,0.0,0
2298,151,0.0,0
2299,81,0.0,0
2300,126,0.0,0
2301,46,0.0,0
2302,1,0.0,0
2304,1,0.0,0
2306,110,0.0,0
2307,91,0.0,0
2308,167,0.0,0
2309,49,0.0,0
2310,81,0.0,0
2311,1,0.0,0
2312,5,0.0,0
2313,85,0.0,0
2314,47,0.0,0
2316,126,0.0,0
2317,1,0.0,0
2318,51,0.0,0
2319,2,0.0,0
2320,1,0.0,0
2321,119,0.0,0
2322,135,0.0,0
2323,68,0.0,0
2324,67,0.0,0
2325,38,0.0,0
2326,1,0.0,0
2327,79,0.0,0
2328,61,0.0,0
2329,59,0.0,0
2330,1,0.0,0
2331,65,0.0,0
2332,1,0.0,0
2333,2,0.0,0
2334,2,0.0,0
2335,2,0.0,0
2336,100,0.0,0
2337,29,0.0,0
2338,86,0.0,0
2339,180,0.0,0
2340,49,0.0,0
2341,15,0.0,0
2342,39,0.0,0
2343,1,0.0,0
2344,199,0.0,0
2345,2,0.0,0
2346,1,0.0,0
2347,1,0.0,0
2348,173,0.0,0
2349,73,0.0,0
2350,1,0.0,0
2351,56,0.0,0
2352,61,0.0,0
2353,79,0.0,0
2354,1,0.0,0
2355,82,0.0,0
2356,94,0.0,0
2357,61,0.0,0
2358,27,0.0,0
2359,2,0.0,0
2360,1,0.0,0
2361,83,0.0,0
2362,2,0.0,0
2363,2,0.0,0
2364,97,0.0,0
2365,1,0.0,0
2366,59,0.0,0
2367,90,0.0,0
2368,1,0.0,0
2369,204,0.0,0
2370,44,0.0,0
2371,66,0.0,0
2372,66,0.0,0
2374,152,0.0,0
2375,86,0.0,0
2376,67,0.0,0
2377,85,0.0,0
2378,63,0.0,0
2379,1,0.0,0
2380,76,0.0,0
2381,97,0.0,0
2382,48,0.0,0
2383,54,0.0,0
2384,23,0.0,0
2385,69,0.0,0
2386,48,0.0,0
2387,43,0.0,0
2388,1,0.0,0
2389,97,0.0,0
2390,1,0.0,0
2391,47,0.0,0
2392,2,0.0,0
2393,42,0.0,0
2394,76,0.0,0
2395,103,0.0,0
2396,64,0.0,0
2397,2,0.0,0
2398,2,0.0,0
2399,101,0.0,0
2400,66,0.0,0
2401,1,0.0,0
2402,62,0.0,0
2403,2,0.0,0
2404,28,0.0,0
2405,49,0.0,0
2406,46,0.0,0
2407,46,0.0,0
2408,2,0.0,0
2409,81,0.0,0
2410,1,0.0,0
2411,141,0.0,0
2412,75,0.0,0
2414,2,0.0,0
2415,137,0.0,0
2416,14,0.0,0
2417,63,0.0,0
2418,1,0.0,0
2419,59,0.0,0
2420,60,0.0,0
2421,2,0.0,0
2422,3,0.0,0
2423,47,0.0,0
2424,2,0.0,0
2425,1,0.0,0
2426,3,0.0,0
2427,2,0.0,0
2428,1,0.0,0
2429,1,0.0,0
2430,2,0.0,0
2431,66,0.0,0
2432,254,0.0,0
2433,42,0.0,0
2434,3,0.0,0
2435,50,0.0,0
2436,2,0.0,0
2437,63,0.0,0
2438,2,0.0,0
2439,43,0.0,0
2440,6,0.0,0
2441,1,0.0,0
2442,1,0.0,0
2443,74,0.0,0
2444,132,0.0,0
2445,1,0.0,0
2446,99,0.0,0
2447,16,0.0,0
2448,94,0.0,0
2449,2,0.0,0
2450,2,0.0,0
2451,87,0.0,0
2452,2,0.0,0
2453,1,0.0,0
2454,37,0.0,0
2455,1,0.0,0
2456,22,0.0,0
2457,17,0.5294117647058824,1
2458,31,0.0,0
2459,58,0.0,0
2460,1,0.0,0
2461,74,0.0,0
2462,51,0.0,0
2463,1,0.0,0
2464,54,0.0,0
2465,11,0.0,0
2466,2,0.0,0
2467,63,0.0,0
2470,145,0.0,0
2471,54,0.0,0
2472,84,0.0,0
2473,176,0.0,0
2474,147,0.0,0
2475,1,0.0,0
2476,58,0.0,0
2477,118,0.0,0
2478,196,0.0,0
2479,1,0.0,0
2480,79,0.0,0
2481,61,0.0,0
2482,3,0.0,0
2483,149,0.0,0
2484,2,0.0,0
2485,130,0.0,0
2486,1,0.0,0
2487,64,0.0,0
2488,75,0.0,0
2489,178,0.0,0
2490,73,0.0,0
2491,49,0.0,0
2492,60,0.0,0
2493,79,0.0,0
2494,194,0.0,0
2495,206,0.0,0
2496,62,0.0,0
2497,55,0.0,0
2498,60,0.0,0
2499,107,0.0,0
2500,68,0.0,0
2501,43,0.0,0
2502,1,0.0,0
2503,20,0.0,0
2504,54,0.0,0
2505,43,0.0,0
2506,158,0.0,0
2507,1,0.0,0
2508,85,0.0,0
2509,2,0.0,0
2510,61,0.0,0
2511,109,0.0,0
2512,1,0.0,0
2513,2,0.0,0
2514,1,0.0,0
2515,54,0.0,0
2516,52,0.0,0
2517,49,0.0,0
2518,19,0.5789473684210527,1
2519,76,0.0,0
2520,81,0.19753086419753085,1
2521,34,0.0,0
2523,48,0.0,0
2524,124,0.008064516129032258,1
2525,40,0.0,0
2526,2,0.0,0
2527,1,0.0,0
2528,1,0.0,0
2529,35,0.0,0
2530,3,0.0,0
2531,82,0.0,0
2532,1,0.0,0
2533,11,0.0,0
2534,1,0.0,0
2535,1,0.0,0
2536,62,0.0,0
2537,81,0.0,0
2538,63,0.0,0
2539,100,0.0,0
2540,2,0.0,0
2541,1,0.0,0
2542,60,0.0,0
2543,1,0.0,0
2545,1,0.0,0
2546,96,0.0,0
2547,67,0.0,0
2548,2,0.0,0
2549,22,0.0,0
2550,93,0.0,0
2551,34,0.0,0
2552,2,0.0,0
2553,62,0.0,0
2554,2,0.0,0
2555,2,0.0,0
2556,24,0.0,0
2557,48,0.0,0
2558,2,0.0,0
2559,103,0.0,0
2560,1,0.0,0
2561,133,0.0,0
2562,13,0.0,0
2563,91,0.0,0
2564,85,0.0,0
2565,1,0.0,0
2566,44,0.0,0
2567,78,0.0,0
2568,53,0.0,0
2569,62,0.0,0
2570,15,0.0,0
2571,70,0.0,0
2572,2,0.0,0
2573,1,0.0,0
2574,136,0.0,0
2575,42,0.0,0
2576,76,0.0,0
2577,23,0.0,0
2579,187,0.0053475935828877,1
2580,93,0.0,0
2581,3,0.0,0
2582,159,0.0,0
2583,2,0.0,0
2584,47,0.0,0
2585,61,0.0,0
2586,35,0.0,0
2587,79,0.0,0
2588,80,0.0,0
2589,1,0.0,0
2590,85,0.0,0
2591,102,0.0,0
2592,72,0.0,0
2593,1,0.0,0
2594,23,0.0,0
2595,41,0.0,0
2596,1,0.0,0
2597,1,0.0,0
2598,40,0.0,0
2599,18,0.3888888888888889,1
2600,2,0.0,0
2601,103,0.0,0
2602,1,0.0,0
2603,81,0.0,0
2604,1,0.0,0
2605,98,0.0,0
2607,67,0.0,0
2608,91,0.0,0
2609,49,0.0,0
2610,161,0.0,0
2611,1,0.0,0
2612,1,0.0,0
2613,1,0.0,0
2614,87,0.0,0
2615,2,0.0,0
2616,1,0.0,0
2617,1,0.0,0
2618,122,0.0,0
2619,1,0.0,0
2620,120,0.0,0
2621,83,0.0,0
2622,100,0.0,0
2623,2,0.0,0
2624,42,0.0,0
2625,67,0.0,0
2626,51,0.0,0
2627,3,0.0,0
2628,51,0.0,0
2629,61,0.0,0
2630,2,0.0,0
2631,58,0.0,0
2632,38,0.0,0
2633,2,0.0,0
2634,2,0.0,0
2635,51,0.0,0
2636,54,0.0,0
2637,1,0.0,0
2638,1,0.0,0
2639,61,0.0,0
2640,53,0.16981132075471697,1
2641,42,0.0,0
2642,3,0.0,0
2644,31,0.0,0
2645,2,0.0,0
2646,2,0.0,0
2647,151,0.0,0
2648,1,0.0,0
2650,67,0.0,0
2651,73,0.0,0
2652,1,0.0,0
2653,67,0.0,0
2654,58,0.0,0
2655,89,0.0,0
2656,101,0.0,0
2657,1,0.0,0
2658,4,0.0,0
2659,63,0.0,0
2660,1,0.0,0
2661,2,0.0,0
2662,126,0.0,0
2663,85,0.0,0
2664,159,0.0,0
2665,28,0.0,0
2666,2,0.0,0
2667,2,0.0,0
2668,1,0.0,0
2669,116,0.0,0
2670,70,0.0,0
2671,75,0.0,0
2672,1,0.0,0
2673,1,0.0,0
2674,101,0.0,0
2675,111,0.0,0
2676,67,0.0,0
2677,2,0.0,0
2678,111,0.0,0
2679,71,0.0,0
2680,1,0.0,0
2681,128,0.0,0
2682,2,0.0,0
2683,63,0.0,0
2684,2,0.0,0
2685,2,0.0,0
2686,141,0.0,0
2687,2,0.0,0
2688,48,0.0,0
2689,116,0.0,0
2690,31,0.0,0
2692,75,0.0,0
2693,59,0.0,0
2694,92,0.0,0
2695,2,0.0,0
2696,118,0.0,0
2697,1,0.0,0
2698,153,0.0,0
2699,92,0.0,0
2700,4,0.0,0
2701,74,0.0,0
2702,75,0.0,0
2703,154,0.0,0
2704,1,0.0,0
2705,125,0.0,0
2706,2,0.0,0
2707,2,0.0,0
2708,1,0.0,0
2709,27,0.4444444444444444,1
2710,53,0.0,0
2711,44,0.0,0
2712,112,0.0,0
2713,1,0.0,0
2715,1,0.0,0
2716,29,0.0,0
2717,118,0.0,0
2718,180,0.0,0
2719,42,0.0,0
2720,68,0.0,0
2721,16,0.0,0
2722,1,0.0,0
2723,2,0.0,0
2724,25,0.0,0
2725,118,0.0,0
2726,1,0.0,0
2727,114,0.0,0
2728,2,0.0,0
2729,88,0.0,0
2730,91,0.0,0
2731,49,0.0,0
2732,88,0.0,0
2733,1,0.0,0
2734,113,0.0,0
2735,126,0.0,0
2736,134,0.0,0
2737,85,0.0,0
2738,97,0.0,0
2740,150,0.0,0
2741,23,0.6086956521739131,1
2742,141,0.0,0
2743,2,0.0,0
2744,2,0.0,0
2745,44,0.0,0
2746,96,0.0,0
2747,100,0.0,0
2748,265,0.0,0
2749,22,0.0,0
2750,86,0.0,0
2751,108,0.0,0
2752,1,0.0,0
2753,2,0.0,0
2754,130,0.0,0
2755,60,0.0,0
2756,21,0.0,0
2757,162,0.0,0
2759,127,0.0,0
2760,84,0.0,0
2761,163,0.0,0
2762,1,0.0,0
2763,108,0.0,0
2765,1,0.0,0
2766,113,0.0,0
2767,142,0.0,0
2768,1,0.0,0
2769,105,0.0,0
2770,93,0.0,0
2771,151,0.0,0
2772,1,0.0,0
2773,2,0.0,0
2774,79,0.0,0
2776,1,0.0,0
2777,21,0.0,0
2779,62,0.0,0
2780,5,0.0,0
2781,34,0.0,0
2782,1,0.0,0
2783,1,0.0,0
2785,91,0.0,0
2786,71,0.0,0
2787,1,0.0,0
2788,1,0.0,0
2789,1,0.0,0
2790,1,0.0,0
2791,1,0.0,0
2792,38,0.0,0
2793,2,0.0,0
2794,120,0.0,0
2795,1,0.0,0
2796,5,0.0,0
2797,58,0.0,0
2798,1,0.0,0
2799,96,0.0,0
2801,54,0.018518518518518517,1
2802,37,0.0,0
2803,1,0.0,0
2804,48,0.0,0
2805,58,0.0,0
2806,64,0.0,0
2807,1,0.0,0
2808,2,0.0,0
2809,56,0.0,0
2810,21,0.0,0
2811,65,0.0,0
2812,117,0.0,0
2813,36,0.0,0
2814,128,0.0,0
2815,2,0.0,0
2816,1,0.0,0
2817,1,0.0,0
2818,149,0.0,0
2819,76,0.0,0
2820,134,0.0,0
2821,121,0.0,0
2822,67,0.0,0
2823,2,0.0,0
2824,158,0.0,0
2825,2,0.0,0
2826,55,0.0,0
2827,2,0.0,0
2828,141,0.0,0
2829,1,0.0,0
2830,175,0.0,0
2831,2,0.0,0
2832,123,0.0,0
2833,127,0.0,0
2834,41,0.0,0
2835,1,0.0,0
2836,2,0.0,0
2837,87,0.0,0
2838,2,0.0,0
2839,48,0.0,0
2842,72,0.0,0
2843,33,0.0,0
2844,1,0.0,0
2845,70,0.0,0
2846,63,0.0,0
2847,113,0.0,0
2848,99,0.0,0
2849,1,0.0,0
2850,100,0.0,0
2851,71,0.0,0
2852,39,0.0,0
2853,105,0.0,0
2854,1,0.0,0
2855,62,0.0,0
2856,1,0.0,0
2857,88,0.0,0
2858,2,0.0,0
2859,54,0.0,0
2860,96,0.0,0
2861,65,0.0,0
2862,109,0.0,0
2863,2,0.0,0
2864,65,0.0,0
2865,87,0.0,0
2866,24,0.0,0
2867,50,0.0,0
2868,42,0.0,0
2869,63,0.0,0
2870,62,0.0,0
2871,1,0.0,0
2872,2,0.0,0
2873,53,0.0,0
2874,98,0.0,0
2875,80,0.0,0
2876,130,0.0,0
2877,1,0.0,0
2878,1,0.0,0
2879,1,0.0,0
2880,2,0.0,0
2881,1,0.0,0
2882,6,0.0,0
2883,2,0.0,0
2884,72,0.0,0
2885,54,0.0,0
2886,1,0.0,0
2887,2,0.0,0
2888,1,0.0,0
2889,204,0.0,0
2890,21,0.0,0
2891,1,0.0,0
2892,59,0.0,0
2893,175,0.0,0
2894,43,0.0,0
2895,35,0.0,0
2896,53,0.0,0
2897,1,0.0,0
2898,95,0.0,0
2899,2,0.0,0
2900,25,0.0,0
2901,60,0.0,0
2903,103,0.0,0
2904,1,0.0,0
2905,1,0.0,0
2906,1,0.0,0
2907,1,0.0,0
2908,1,0.0,0
2909,1,0.0,0
2910,23,0.0,0
2911,69,0.0,0
2912,37,0.0,0
2913,98,0.0,0
2915,1,0.0,0
2916,1,0.0,0
2917,111,0.0,0
2918,1,0.0,0
2919,78,0.0,0
2920,1,0.0,0
2921,158,0.0,0
2922,127,0.0,0
2923,34,0.0,0
2924,72,0.0,0
2925,2,0.0,0
2926,67,0.0,0
2927,2,0.0,0
2928,1,0.0,0
2929,52,0.0,0
2930,73,0.0,0
2931,106,0.0,0
2932,15,0.0,0
2933,78,0.0,0
2934,225,0.0,0
2935,1,0.0,0
2936,1,0.0,0
2937,68,0.0,0
2938,160,0.0,0
2939,31,0.0,0
2940,2,0.0,0
2941,1,0.0,0
2942,1,0.0,0
2943,1,0.0,0
2944,70,0.0,0
2945,2,0.0,0
2946,53,0.0,0
2947,91,0.0,0
2948,1,0.0,0
2949,1,0.0,0
2950,1,0.0,0
2951,119,0.0,0
2952,1,0.0,0
2953,163,0.0,0
2955,2,0.0,0
2956,1,0.0,0
2957,63,0.0,0
2958,50,0.0,0
2959,44,0.0,0
2960,2,0.0,0
2961,22,0.0,0
2962,117,0.0,0
2963,13,0.0,0
2964,2,0.0,0
2965,2,0.0,0
2966,2,0.0,0
2967,96,0.0,0
2968,4,0.0,0
2969,2,0.0,0
2970,26,0.0,0
2971,4,0.0,0
2972,1,0.0,0
2973,76,0.0,0
2974,3,0.0,0
2975,22,0.0,0
2976,1,0.0,0
2977,2,0.0,0
2978,1,0.0,0
2979,258,0.0,0
2980,85,0.0,0
2981,76,0.0,0
2982,134,0.0,0
2983,56,0.0,0
2984,1,0.0,0
2985,63,0.0,0
2986,39,0.0,0
2987,2,0.0,0
2988,66,0.0,0
2989,57,0.0,0
2990,134,0.0,0
2991,98,0.0,0
2993,42,0.0,0
2994,76,0.0,0
2995,1,0.0,0
2996,74,0.0,0
2997,41,0.0,0
2998,22,0.0,0
2999,2,0.0,0
3000,1,0.0,0
3001,80,0.0,0
3002,1,0.0,0
3003,2,0.0,0
3004,1,0.0,0
3005,158,0.0,0
3006,2,0.0,0
3007,1,0.0,0
3008,84,0.0,0
3009,174,0.0,0
3010,2,0.0,0
3011,62,0.0,0
3012,1,0.0,0
3013,2,0.0,0
3014,1,0.0,0
3015,2,0.0,0
3016,2,0.0,0
3017,2,0.0,0
3018,112,0.0,0
3019,28,0.0,0
3020,53,0.0,0
3021,84,0.0,0
3022,2,0.0,0
3023,2,0.0,0
3024,37,0.0,0
3025,141,0.0,0
3026,2,0.0,0
3027,168,0.0,0
3028,1,0.0,0
3029,45,0.0,0
3030,127,0.0,0
3031,39,0.0,0
3032,1,0.0,0
3033,74,0.0,0
3034,1,0.0,0
3035,1,0.0,0
3036,1,0.0,0
3037,75,0.0,0
3038,2,0.0,0
3039,1,0.0,0
3040,2,0.0,0
3041,132,0.0,0
3042,88,0.0,0
3043,57,0.0,0
3044,60,0.0,0
3045,2,0.0,0
3046,54,0.0,0
3047,1,0.0,0
3048,126,0.0,0
3049,2,0.0,0
3050,2,0.0,0
3051,23,0.0,0
3052,82,0.0,0
3053,2,0.0,0
3054,86,0.0,0
3055,2,0.0,0
3056,102,0.0,0
3057,68,0.0,0
3058,2,0.0,0
3059,49,0.0,0
3060,19,0.05263157894736842,1
3061,54,0.0,0
3063,142,0.0,0
3064,59,0.0,0
3065,26,0.0,0
3066,3,0.0,0
3067,1,0.0,0
3068,133,0.0,0
3069,2,0.0,0
3070,2,0.0,0
3071,47,0.0,0
3072,90,0.0,0
3073,52,0.0,0
3074,162,0.0,0
3075,1,0.0,0
3076,84,0.0,0
3077,154,0.0,0
3078,110,0.0,0
3079,134,0.0,0
3080,1,0.0,0
3081,43,0.0,0
3082,64,0.0,0
3083,108,0.0,0
3084,70,0.0,0
3085,46,0.0,0
3086,1,0.0,0
3087,45,0.0,0
3088,1,0.0,0
3089,1,0.0,0
3090,90,0.0,0
3091,1,0.0,0
3092,56,0.0,0
3093,84,0.0,0
3094,56,0.0,0
3095,55,0.0,0
3096,1,0.0,0
3097,2,0.0,0
3098,1,0.0,0
3099,178,0.0,0
3100,1,0.0,0
3101,1,0.0,0
3102,3,0.0,0
3103,65,0.0,0
3104,71,0.0,0
3105,26,0.0,0
3106,35,0.0,0
3107,83,0.0,0
3108,63,0.0,0
3109,1,0.0,0
3110,2,0.0,0
3111,121,0.0,0
3112,4,0.0,0
3113,108,0.0,0
3114,19,0.0,0
3115,2,0.0,0
3116,112,0.0,0
3117,1,0.0,0
3118,29,0.0,0
3119,142,0.0,0
3120,2,0.0,0
3121,2,0.0,0
3122,17,0.0,0
3123,54,0.0,0
3124,67,0.0,0
3125,23,0.0,0
3126,77,0.0,0
3127,2,0.0,0
3128,72,0.0,0
3129,2,0.0,0
3130,1,0.0,0
3131,51,0.0,0
3132,5,0.0,0
3133,69,0.0,0
3134,2,0.0,0
3135,2,0.0,0
3136,1,0.0,0
3137,105,0.0,0
3138,23,0.0,0
3139,2,0.0,0
3140,81,0.0,0
3141,77,0.0,0
3142,1,0.0,0
3143,1,0.0,0
3144,79,0.0,0
3145,30,0.0,0
3146,1,0.0,0
3147,47,0.0,0
3148,1,0.0,0
3149,44,0.0,0
3150,1,0.0,0
3151,3,0.0,0
3152,71,0.0,0
3153,25,0.0,0
3154,55,0.0,0
3155,110,0.0,0
3156,64,0.0,0
3157,115,0.0,0
3158,1,0.0,0
3159,2,0.0,0
3160,1,0.0,0
3161,69,0.0,0
3162,121,0.0,0
3163,3,0.0,0
3164,128,0.0,0
3165,4,0.0,0
3166,72,0.0,0
3167,94,0.0,0
3168,22,0.0,0
3169,48,0.0,0
3170,2,0.0,0
3171,1,0.0,0
3172,2,0.0,0
3173,137,0.0,0
3174,1,0.0,0
3175,2,0.0,0
3176,1,0.0,0
3177,2,0.0,0
3178,61,0.0,0
3179,2,0.0,0
3180,1,0.0,0
3182,60,0.0,0
3183,106,0.0,0
3184,72,0.0,0
3186,68,0.0,0
3187,165,0.0,0
3188,87,0.0,0
3189,1,0.0,0
3190,103,0.0,0
3191,70,0.0,0
3192,1,0.0,0
3193,66,0.0,0
3194,21,0.0,0
3195,1,0.0,0
3196,62,0.0,0
3197,62,0.0,0
3198,97,0.0,0
3199,72,0.0,0
3200,1,0.0,0
3201,65,0.0,0
3202,50,0.0,0
3203,2,0.0,0
3204,2,0.0,0
3205,2,0.0,0
3206,2,0.0,0
3207,49,0.0,0
3209,83,0.0,0
3210,1,0.0,0
3211,1,0.0,0
3212,40,0.0,0
3213,3,0.0,0
3214,47,0.0,0
3215,16,0.0,0
3216,112,0.0,0
3217,1,0.0,0
3218,111,0.0,0
3219,4,0.0,0
3220,60,0.0,0
3221,1,0.0,0
3222,74,0.0,0
3223,1,0.0,0
3224,2,0.0,0
3225,2,0.0,0
3226,73,0.0,0
3228,1,0.0,0
3229,49,0.0,0
3231,2,0.0,0
3232,118,0.0,0
3233,2,0.0,0
3234,2,0.0,0
3235,99,0.0,0
3236,82,0.0,0
3237,77,0.0,0
3238,57,0.0,0
3239,84,0.0,0
3240,2,0.0,0
3241,45,0.0,0
3242,4,0.0,0
3243,84,0.0,0
3244,2,0.0,0
3247,83,0.0,0
3248,29,0.0,0
3249,2,0.0,0
3250,2,0.0,0
3251,14,0.0,0
3252,2,0.0,0
3253,23,0.0,0
3254,2,0.0,0
3255,45,0.0,0
3256,71,0.0,0
3257,22,0.0,0
3259,84,0.20238095238095238,1
3260,6,0.0,0
3261,60,0.0,0
3262,1,0.0,0
3263,2,0.0,0
3264,146,0.0,0
3265,53,0.0,0
3266,1,0.0,0
3267,108,0.0,0
3268,73,0.0,0
3269,85,0.0,0
3270,14,0.5,1
3271,1,0.0,0
3272,40,0.0,0
3273,68,0.0,0
3274,41,0.0,0
3275,94,0.0,0
3276,53,0.0,0
3277,2,0.0,0
3278,2,0.0,0
3279,26,0.0,0
3280,155,0.0,0
3281,1,0.0,0
3282,2,0.0,0
3283,1,0.0,0
3284,1,0.0,0
3285,17,0.0,0
3286,88,0.0,0
3287,1,0.0,0
3288,1,0.0,0
3289,41,0.0,0
3290,103,0.0,0
3291,1,0.0,0
3292,89,0.0,0
3293,131,0.0,0
3294,108,0.0,0
3295,69,0.0,0
3296,2,0.0,0
3297,62,0.0,0
3298,2,0.0,0
3299,39,0.0,0
3300,61,0.0,0
3301,53,0.0,0
3302,2,0.0,0
3303,80,0.0,0
3304,180,0.0,0
3305,2,0.0,0
3306,69,0.0,0
3307,104,0.0,0
3308,108,0.0,0
3309,1,0.0,0
3310,28,0.0,0
3311,83,0.0,0
3312,81,0.0,0
3313,80,0.0,0
3314,107,0.0,0
3315,163,0.006134969325153374,1
3316,78,0.0,0
3317,2,0.0,0
3318,72,0.0,0
3319,12,0.0,0
3320,2,0.0,0
3321,65,0.0,0
3322,123,0.0,0
3323,2,0.0,0
3324,2,0.0,0
3325,22,0.0,0
3326,2,0.0,0
3327,1,0.0,0
3329,1,0.0,0
3330,102,0.0,0
3331,95,0.0,0
3332,64,0.0,0
3333,1,0.0,0
3334,2,0.0,0
3335,56,0.0,0
3336,71,0.0,0
3337,27,0.5555555555555556,1
3338,2,0.0,0
3339,59,0.0,0
3340,1,0.0,0
3341,5,0.2,1
3342,61,0.0,0
3343,1,0.0,0
3344,57,0.0,0
3345,2,0.0,0
3346,1,0.0,0
3347,2,0.0,0
3348,1,0.0,0
3349,85,0.0,0
3350,42,0.0,0
